{
  "Total" : {
    "transaction" : "Total",
    "sampleCount" : 5,
    "errorCount" : 0,
    "errorPct" : 0.0,
    "meanResTime" : 548.4,
    "medianResTime" : 467.0,
    "minResTime" : 413.0,
    "maxResTime" : 776.0,
    "pct1ResTime" : 776.0,
    "pct2ResTime" : 776.0,
    "pct3ResTime" : 776.0,
    "throughput" : 4.440497335701599,
    "receivedKBytesPerSec" : 25.966501998223805,
    "sentKBytesPerSec" : 1.0190594471580818
  },
  "get articles" : {
    "transaction" : "get articles",
    "sampleCount" : 5,
    "errorCount" : 0,
    "errorPct" : 0.0,
    "meanResTime" : 548.4,
    "medianResTime" : 467.0,
    "minResTime" : 413.0,
    "maxResTime" : 776.0,
    "pct1ResTime" : 776.0,
    "pct2ResTime" : 776.0,
    "pct3ResTime" : 776.0,
    "throughput" : 4.440497335701599,
    "receivedKBytesPerSec" : 25.966501998223805,
    "sentKBytesPerSec" : 1.0190594471580818
  }
}